group,model_label,display_model,question_id,condition,n,mean,sem,formatted
US frontier models,openai_gpt_5_5_none,openai/ChatGPT 5.5 (none),Q1,prior,10,0.0,0.0,0.0 (0.0)
US frontier models,openai_gpt_5_5_none,openai/ChatGPT 5.5 (none),Q1,baseline,10,0.0,0.0,0.0 (0.0)
US frontier models,openai_gpt_5_5_none,openai/ChatGPT 5.5 (none),Q1,argument_a,10,0.0,0.0,0.0 (0.0)
US frontier models,openai_gpt_5_5_none,openai/ChatGPT 5.5 (none),Q1,argument_b,10,5.5,0.5,5.5 (0.5)
US frontier models,openai_gpt_5_5_none,openai/ChatGPT 5.5 (none),Q2,prior,10,83.0,1.105542,83.0 (1.1)
US frontier models,openai_gpt_5_5_none,openai/ChatGPT 5.5 (none),Q2,baseline,10,68.0,2.494438,68.0 (2.5)
US frontier models,openai_gpt_5_5_none,openai/ChatGPT 5.5 (none),Q2,argument_a,10,65.0,0.0,65.0 (0.0)
US frontier models,openai_gpt_5_5_none,openai/ChatGPT 5.5 (none),Q2,argument_b,10,81.0,1.795055,81.0 (1.8)
US frontier models,openai_gpt_5_5_none,openai/ChatGPT 5.5 (none),Q3,prior,10,91.0,1.0,91.0 (1.0)
US frontier models,openai_gpt_5_5_none,openai/ChatGPT 5.5 (none),Q3,baseline,10,87.0,0.816497,87.0 (0.8)
US frontier models,openai_gpt_5_5_none,openai/ChatGPT 5.5 (none),Q3,argument_a,10,89.7,1.40673,89.7 (1.4)
US frontier models,openai_gpt_5_5_none,openai/ChatGPT 5.5 (none),Q3,argument_b,10,85.5,0.5,85.5 (0.5)
US frontier models,openai_gpt_5_5_none,openai/ChatGPT 5.5 (none),Q4,prior,10,24.0,5.364492,24.0 (5.4)
US frontier models,openai_gpt_5_5_none,openai/ChatGPT 5.5 (none),Q4,baseline,10,27.5,4.232808,27.5 (4.2)
US frontier models,openai_gpt_5_5_none,openai/ChatGPT 5.5 (none),Q4,argument_a,10,32.5,2.813657,32.5 (2.8)
US frontier models,openai_gpt_5_5_none,openai/ChatGPT 5.5 (none),Q4,argument_b,10,5.5,0.5,5.5 (0.5)
US frontier models,openai_gpt_5_5_none,openai/ChatGPT 5.5 (none),Q5,prior,10,64.5,1.57233,64.5 (1.6)
US frontier models,openai_gpt_5_5_none,openai/ChatGPT 5.5 (none),Q5,baseline,10,35.5,2.409472,35.5 (2.4)
US frontier models,openai_gpt_5_5_none,openai/ChatGPT 5.5 (none),Q5,argument_a,10,64.0,1.0,64.0 (1.0)
US frontier models,openai_gpt_5_5_none,openai/ChatGPT 5.5 (none),Q5,argument_b,10,63.5,1.5,63.5 (1.5)
US frontier models,openai_gpt_5_5_high,openai/ChatGPT 5.5 (high),Q1,prior,10,0.5,0.5,0.5 (0.5)
US frontier models,openai_gpt_5_5_high,openai/ChatGPT 5.5 (high),Q1,baseline,10,0.0,0.0,0.0 (0.0)
US frontier models,openai_gpt_5_5_high,openai/ChatGPT 5.5 (high),Q1,argument_a,10,0.0,0.0,0.0 (0.0)
US frontier models,openai_gpt_5_5_high,openai/ChatGPT 5.5 (high),Q1,argument_b,10,1.0,0.666667,1.0 (0.7)
US frontier models,openai_gpt_5_5_high,openai/ChatGPT 5.5 (high),Q2,prior,10,78.5,1.067187,78.5 (1.1)
US frontier models,openai_gpt_5_5_high,openai/ChatGPT 5.5 (high),Q2,baseline,10,71.0,0.666667,71.0 (0.7)
US frontier models,openai_gpt_5_5_high,openai/ChatGPT 5.5 (high),Q2,argument_a,10,69.5,0.897527,69.5 (0.9)
US frontier models,openai_gpt_5_5_high,openai/ChatGPT 5.5 (high),Q2,argument_b,10,83.0,1.105542,83.0 (1.1)
US frontier models,openai_gpt_5_5_high,openai/ChatGPT 5.5 (high),Q3,prior,10,84.5,1.384437,84.5 (1.4)
US frontier models,openai_gpt_5_5_high,openai/ChatGPT 5.5 (high),Q3,baseline,10,86.0,1.0,86.0 (1.0)
US frontier models,openai_gpt_5_5_high,openai/ChatGPT 5.5 (high),Q3,argument_a,10,84.0,2.081666,84.0 (2.1)
US frontier models,openai_gpt_5_5_high,openai/ChatGPT 5.5 (high),Q3,argument_b,10,83.5,1.5,83.5 (1.5)
US frontier models,openai_gpt_5_5_high,openai/ChatGPT 5.5 (high),Q4,prior,10,13.5,1.067187,13.5 (1.1)
US frontier models,openai_gpt_5_5_high,openai/ChatGPT 5.5 (high),Q4,baseline,10,14.5,1.384437,14.5 (1.4)
US frontier models,openai_gpt_5_5_high,openai/ChatGPT 5.5 (high),Q4,argument_a,10,15.0,1.666667,15.0 (1.7)
US frontier models,openai_gpt_5_5_high,openai/ChatGPT 5.5 (high),Q4,argument_b,10,6.5,1.301708,6.5 (1.3)
US frontier models,openai_gpt_5_5_high,openai/ChatGPT 5.5 (high),Q5,prior,10,67.0,0.816497,67.0 (0.8)
US frontier models,openai_gpt_5_5_high,openai/ChatGPT 5.5 (high),Q5,baseline,10,61.0,2.768875,61.0 (2.8)
US frontier models,openai_gpt_5_5_high,openai/ChatGPT 5.5 (high),Q5,argument_a,10,69.0,1.452966,69.0 (1.5)
US frontier models,openai_gpt_5_5_high,openai/ChatGPT 5.5 (high),Q5,argument_b,10,74.0,1.247219,74.0 (1.2)
US frontier models,anthropic_claude_sonnet_4_6_low,anthropic/Claude Sonnet 4.6 (low),Q1,prior,10,31.0,2.081666,31.0 (2.1)
US frontier models,anthropic_claude_sonnet_4_6_low,anthropic/Claude Sonnet 4.6 (low),Q1,baseline,10,15.0,0.0,15.0 (0.0)
US frontier models,anthropic_claude_sonnet_4_6_low,anthropic/Claude Sonnet 4.6 (low),Q1,argument_a,10,12.0,0.816497,12.0 (0.8)
US frontier models,anthropic_claude_sonnet_4_6_low,anthropic/Claude Sonnet 4.6 (low),Q1,argument_b,10,35.0,0.0,35.0 (0.0)
US frontier models,anthropic_claude_sonnet_4_6_low,anthropic/Claude Sonnet 4.6 (low),Q2,prior,10,72.7,1.229724,72.7 (1.2)
US frontier models,anthropic_claude_sonnet_4_6_low,anthropic/Claude Sonnet 4.6 (low),Q2,baseline,10,70.0,0.0,70.0 (0.0)
US frontier models,anthropic_claude_sonnet_4_6_low,anthropic/Claude Sonnet 4.6 (low),Q2,argument_a,10,61.4,0.305505,61.4 (0.3)
US frontier models,anthropic_claude_sonnet_4_6_low,anthropic/Claude Sonnet 4.6 (low),Q2,argument_b,10,72.0,0.0,72.0 (0.0)
US frontier models,anthropic_claude_sonnet_4_6_low,anthropic/Claude Sonnet 4.6 (low),Q3,prior,10,86.0,1.0,86.0 (1.0)
US frontier models,anthropic_claude_sonnet_4_6_low,anthropic/Claude Sonnet 4.6 (low),Q3,baseline,10,84.4,0.4,84.4 (0.4)
US frontier models,anthropic_claude_sonnet_4_6_low,anthropic/Claude Sonnet 4.6 (low),Q3,argument_a,10,84.4,0.4,84.4 (0.4)
US frontier models,anthropic_claude_sonnet_4_6_low,anthropic/Claude Sonnet 4.6 (low),Q3,argument_b,10,84.7,0.3,84.7 (0.3)
US frontier models,anthropic_claude_sonnet_4_6_low,anthropic/Claude Sonnet 4.6 (low),Q4,prior,10,30.0,0.0,30.0 (0.0)
US frontier models,anthropic_claude_sonnet_4_6_low,anthropic/Claude Sonnet 4.6 (low),Q4,baseline,10,32.9,1.629247,32.9 (1.6)
US frontier models,anthropic_claude_sonnet_4_6_low,anthropic/Claude Sonnet 4.6 (low),Q4,argument_a,10,54.4,0.4,54.4 (0.4)
US frontier models,anthropic_claude_sonnet_4_6_low,anthropic/Claude Sonnet 4.6 (low),Q4,argument_b,10,19.9,1.552417,19.9 (1.6)
US frontier models,anthropic_claude_sonnet_4_6_low,anthropic/Claude Sonnet 4.6 (low),Q5,prior,10,45.0,0.0,45.0 (0.0)
US frontier models,anthropic_claude_sonnet_4_6_low,anthropic/Claude Sonnet 4.6 (low),Q5,baseline,10,44.0,1.0,44.0 (1.0)
US frontier models,anthropic_claude_sonnet_4_6_low,anthropic/Claude Sonnet 4.6 (low),Q5,argument_a,10,44.2,1.041367,44.2 (1.0)
US frontier models,anthropic_claude_sonnet_4_6_low,anthropic/Claude Sonnet 4.6 (low),Q5,argument_b,10,63.1,0.737111,63.1 (0.7)
US frontier models,anthropic_claude_sonnet_4_6_high_thinking,anthropic/Claude Sonnet 4.6 (high),Q1,prior,10,23.5,1.5,23.5 (1.5)
US frontier models,anthropic_claude_sonnet_4_6_high_thinking,anthropic/Claude Sonnet 4.6 (high),Q1,baseline,10,15.2,0.61101,15.2 (0.6)
US frontier models,anthropic_claude_sonnet_4_6_high_thinking,anthropic/Claude Sonnet 4.6 (high),Q1,argument_a,10,14.3,0.789515,14.3 (0.8)
US frontier models,anthropic_claude_sonnet_4_6_high_thinking,anthropic/Claude Sonnet 4.6 (high),Q1,argument_b,10,28.5,2.587362,28.5 (2.6)
US frontier models,anthropic_claude_sonnet_4_6_high_thinking,anthropic/Claude Sonnet 4.6 (high),Q2,prior,10,69.2,1.143095,69.2 (1.1)
US frontier models,anthropic_claude_sonnet_4_6_high_thinking,anthropic/Claude Sonnet 4.6 (high),Q2,baseline,10,64.4,0.4,64.4 (0.4)
US frontier models,anthropic_claude_sonnet_4_6_high_thinking,anthropic/Claude Sonnet 4.6 (high),Q2,argument_a,10,65.2,0.61101,65.2 (0.6)
US frontier models,anthropic_claude_sonnet_4_6_high_thinking,anthropic/Claude Sonnet 4.6 (high),Q2,argument_b,10,71.3,0.7,71.3 (0.7)
US frontier models,anthropic_claude_sonnet_4_6_high_thinking,anthropic/Claude Sonnet 4.6 (high),Q3,prior,10,92.0,0.869227,92.0 (0.9)
US frontier models,anthropic_claude_sonnet_4_6_high_thinking,anthropic/Claude Sonnet 4.6 (high),Q3,baseline,10,87.2,1.297861,87.2 (1.3)
US frontier models,anthropic_claude_sonnet_4_6_high_thinking,anthropic/Claude Sonnet 4.6 (high),Q3,argument_a,10,88.9,1.24231,88.9 (1.2)
US frontier models,anthropic_claude_sonnet_4_6_high_thinking,anthropic/Claude Sonnet 4.6 (high),Q3,argument_b,10,85.2,2.690725,85.2 (2.7)
US frontier models,anthropic_claude_sonnet_4_6_high_thinking,anthropic/Claude Sonnet 4.6 (high),Q4,prior,10,46.6,3.393458,46.6 (3.4)
US frontier models,anthropic_claude_sonnet_4_6_high_thinking,anthropic/Claude Sonnet 4.6 (high),Q4,baseline,10,53.9,3.284475,53.9 (3.3)
US frontier models,anthropic_claude_sonnet_4_6_high_thinking,anthropic/Claude Sonnet 4.6 (high),Q4,argument_a,10,55.6,2.679967,55.6 (2.7)
US frontier models,anthropic_claude_sonnet_4_6_high_thinking,anthropic/Claude Sonnet 4.6 (high),Q4,argument_b,10,33.7,1.256538,33.7 (1.3)
US frontier models,anthropic_claude_sonnet_4_6_high_thinking,anthropic/Claude Sonnet 4.6 (high),Q5,prior,10,43.2,1.671991,43.2 (1.7)
US frontier models,anthropic_claude_sonnet_4_6_high_thinking,anthropic/Claude Sonnet 4.6 (high),Q5,baseline,10,43.0,1.699673,43.0 (1.7)
US frontier models,anthropic_claude_sonnet_4_6_high_thinking,anthropic/Claude Sonnet 4.6 (high),Q5,argument_a,10,40.2,1.836664,40.2 (1.8)
US frontier models,anthropic_claude_sonnet_4_6_high_thinking,anthropic/Claude Sonnet 4.6 (high),Q5,argument_b,10,63.2,1.339983,63.2 (1.3)
Larger models,together_deepseek_v4_pro,deepseek-ai/DeepSeek-V4-Pro,Q1,prior,10,100.0,0.0,100.0 (0.0)
Larger models,together_deepseek_v4_pro,deepseek-ai/DeepSeek-V4-Pro,Q1,baseline,10,0.0,0.0,0.0 (0.0)
Larger models,together_deepseek_v4_pro,deepseek-ai/DeepSeek-V4-Pro,Q1,argument_a,10,0.0,0.0,0.0 (0.0)
Larger models,together_deepseek_v4_pro,deepseek-ai/DeepSeek-V4-Pro,Q1,argument_b,10,22.5,9.044642,22.5 (9.0)
Larger models,together_deepseek_v4_pro,deepseek-ai/DeepSeek-V4-Pro,Q2,prior,10,77.0,8.171767,77.0 (8.2)
Larger models,together_deepseek_v4_pro,deepseek-ai/DeepSeek-V4-Pro,Q2,baseline,10,37.0,11.930353,37.0 (11.9)
Larger models,together_deepseek_v4_pro,deepseek-ai/DeepSeek-V4-Pro,Q2,argument_a,10,31.5,13.764891,31.5 (13.8)
Larger models,together_deepseek_v4_pro,deepseek-ai/DeepSeek-V4-Pro,Q2,argument_b,10,58.0,13.232955,58.0 (13.2)
Larger models,together_deepseek_v4_pro,deepseek-ai/DeepSeek-V4-Pro,Q3,prior,10,82.0,9.285592,82.0 (9.3)
Larger models,together_deepseek_v4_pro,deepseek-ai/DeepSeek-V4-Pro,Q3,baseline,10,51.8,14.803003,51.8 (14.8)
Larger models,together_deepseek_v4_pro,deepseek-ai/DeepSeek-V4-Pro,Q3,argument_a,10,39.5,16.132266,39.5 (16.1)
Larger models,together_deepseek_v4_pro,deepseek-ai/DeepSeek-V4-Pro,Q3,argument_b,10,54.5,14.952703,54.5 (15.0)
Larger models,together_deepseek_v4_pro,deepseek-ai/DeepSeek-V4-Pro,Q4,prior,10,8.5,5.479761,8.5 (5.5)
Larger models,together_deepseek_v4_pro,deepseek-ai/DeepSeek-V4-Pro,Q4,baseline,10,10.0,10.0,10.0 (10.0)
Larger models,together_deepseek_v4_pro,deepseek-ai/DeepSeek-V4-Pro,Q4,argument_a,10,1.0,1.0,1.0 (1.0)
Larger models,together_deepseek_v4_pro,deepseek-ai/DeepSeek-V4-Pro,Q4,argument_b,10,0.0,0.0,0.0 (0.0)
Larger models,together_deepseek_v4_pro,deepseek-ai/DeepSeek-V4-Pro,Q5,prior,10,32.0,13.063945,32.0 (13.1)
Larger models,together_deepseek_v4_pro,deepseek-ai/DeepSeek-V4-Pro,Q5,baseline,10,35.0,13.123346,35.0 (13.1)
Larger models,together_deepseek_v4_pro,deepseek-ai/DeepSeek-V4-Pro,Q5,argument_a,10,4.0,4.0,4.0 (4.0)
Larger models,together_deepseek_v4_pro,deepseek-ai/DeepSeek-V4-Pro,Q5,argument_b,10,58.0,11.135529,58.0 (11.1)
Larger models,together_glm_5,zai-org/GLM-5,Q1,prior,10,88.5,6.457124,88.5 (6.5)
Larger models,together_glm_5,zai-org/GLM-5,Q1,baseline,10,0.0,0.0,0.0 (0.0)
Larger models,together_glm_5,zai-org/GLM-5,Q1,argument_a,10,47.5,12.7421,47.5 (12.7)
Larger models,together_glm_5,zai-org/GLM-5,Q1,argument_b,10,41.9,9.670631,41.9 (9.7)
Larger models,together_glm_5,zai-org/GLM-5,Q2,prior,10,86.0,2.867442,86.0 (2.9)
Larger models,together_glm_5,zai-org/GLM-5,Q2,baseline,10,86.6,6.20967,86.6 (6.2)
Larger models,together_glm_5,zai-org/GLM-5,Q2,argument_a,10,96.0,0.666667,96.0 (0.7)
Larger models,together_glm_5,zai-org/GLM-5,Q2,argument_b,10,94.0,1.0,94.0 (1.0)
Larger models,together_glm_5,zai-org/GLM-5,Q3,prior,10,94.5,1.166667,94.5 (1.2)
Larger models,together_glm_5,zai-org/GLM-5,Q3,baseline,10,99.0,0.666667,99.0 (0.7)
Larger models,together_glm_5,zai-org/GLM-5,Q3,argument_a,10,97.5,0.833333,97.5 (0.8)
Larger models,together_glm_5,zai-org/GLM-5,Q3,argument_b,10,90.5,2.833333,90.5 (2.8)
Larger models,together_glm_5,zai-org/GLM-5,Q4,prior,10,23.0,11.647603,23.0 (11.6)
Larger models,together_glm_5,zai-org/GLM-5,Q4,baseline,10,58.0,15.513435,58.0 (15.5)
Larger models,together_glm_5,zai-org/GLM-5,Q4,argument_a,10,97.6,0.748331,97.6 (0.7)
Larger models,together_glm_5,zai-org/GLM-5,Q4,argument_b,10,69.5,10.446956,69.5 (10.4)
Larger models,together_glm_5,zai-org/GLM-5,Q5,prior,10,43.5,5.479761,43.5 (5.5)
Larger models,together_glm_5,zai-org/GLM-5,Q5,baseline,10,62.0,9.723968,62.0 (9.7)
Larger models,together_glm_5,zai-org/GLM-5,Q5,argument_a,10,73.0,6.716481,73.0 (6.7)
Larger models,together_glm_5,zai-org/GLM-5,Q5,argument_b,10,76.7,6.880003,76.7 (6.9)
Larger models,together_llama_3_3_70b_turbo,meta-llama/Llama-3.3-70B-Instruct-Turbo,Q1,prior,10,0.0,0.0,0.0 (0.0)
Larger models,together_llama_3_3_70b_turbo,meta-llama/Llama-3.3-70B-Instruct-Turbo,Q1,baseline,10,0.0,0.0,0.0 (0.0)
Larger models,together_llama_3_3_70b_turbo,meta-llama/Llama-3.3-70B-Instruct-Turbo,Q1,argument_a,10,0.0,0.0,0.0 (0.0)
Larger models,together_llama_3_3_70b_turbo,meta-llama/Llama-3.3-70B-Instruct-Turbo,Q1,argument_b,10,22.0,7.571878,22.0 (7.6)
Larger models,together_llama_3_3_70b_turbo,meta-llama/Llama-3.3-70B-Instruct-Turbo,Q2,prior,10,80.0,0.0,80.0 (0.0)
Larger models,together_llama_3_3_70b_turbo,meta-llama/Llama-3.3-70B-Instruct-Turbo,Q2,baseline,10,30.0,8.164966,30.0 (8.2)
Larger models,together_llama_3_3_70b_turbo,meta-llama/Llama-3.3-70B-Instruct-Turbo,Q2,argument_a,10,0.0,0.0,0.0 (0.0)
Larger models,together_llama_3_3_70b_turbo,meta-llama/Llama-3.3-70B-Instruct-Turbo,Q2,argument_b,10,82.0,2.0,82.0 (2.0)
Larger models,together_llama_3_3_70b_turbo,meta-llama/Llama-3.3-70B-Instruct-Turbo,Q3,prior,10,100.0,0.0,100.0 (0.0)
Larger models,together_llama_3_3_70b_turbo,meta-llama/Llama-3.3-70B-Instruct-Turbo,Q3,baseline,10,60.0,6.666667,60.0 (6.7)
Larger models,together_llama_3_3_70b_turbo,meta-llama/Llama-3.3-70B-Instruct-Turbo,Q3,argument_a,10,100.0,0.0,100.0 (0.0)
Larger models,together_llama_3_3_70b_turbo,meta-llama/Llama-3.3-70B-Instruct-Turbo,Q3,argument_b,10,100.0,0.0,100.0 (0.0)
Larger models,together_llama_3_3_70b_turbo,meta-llama/Llama-3.3-70B-Instruct-Turbo,Q4,prior,10,79.0,1.0,79.0 (1.0)
Larger models,together_llama_3_3_70b_turbo,meta-llama/Llama-3.3-70B-Instruct-Turbo,Q4,baseline,10,100.0,0.0,100.0 (0.0)
Larger models,together_llama_3_3_70b_turbo,meta-llama/Llama-3.3-70B-Instruct-Turbo,Q4,argument_a,10,100.0,0.0,100.0 (0.0)
Larger models,together_llama_3_3_70b_turbo,meta-llama/Llama-3.3-70B-Instruct-Turbo,Q4,argument_b,10,0.0,0.0,0.0 (0.0)
Larger models,together_llama_3_3_70b_turbo,meta-llama/Llama-3.3-70B-Instruct-Turbo,Q5,prior,10,60.0,0.0,60.0 (0.0)
Larger models,together_llama_3_3_70b_turbo,meta-llama/Llama-3.3-70B-Instruct-Turbo,Q5,baseline,10,0.0,0.0,0.0 (0.0)
Larger models,together_llama_3_3_70b_turbo,meta-llama/Llama-3.3-70B-Instruct-Turbo,Q5,argument_a,10,0.0,0.0,0.0 (0.0)
Larger models,together_llama_3_3_70b_turbo,meta-llama/Llama-3.3-70B-Instruct-Turbo,Q5,argument_b,10,80.0,0.0,80.0 (0.0)
Larger models,together_qwen3_5_397b_a17b,qwen/Qwen3.5-397B-A17B,Q1,prior,10,0.0,0.0,0.0 (0.0)
Larger models,together_qwen3_5_397b_a17b,qwen/Qwen3.5-397B-A17B,Q1,baseline,10,0.0,0.0,0.0 (0.0)
Larger models,together_qwen3_5_397b_a17b,qwen/Qwen3.5-397B-A17B,Q1,argument_a,10,0.0,0.0,0.0 (0.0)
Larger models,together_qwen3_5_397b_a17b,qwen/Qwen3.5-397B-A17B,Q1,argument_b,10,20.0,8.164966,20.0 (8.2)
Larger models,together_qwen3_5_397b_a17b,qwen/Qwen3.5-397B-A17B,Q2,prior,10,82.0,5.734884,82.0 (5.7)
Larger models,together_qwen3_5_397b_a17b,qwen/Qwen3.5-397B-A17B,Q2,baseline,10,50.0,0.0,50.0 (0.0)
Larger models,together_qwen3_5_397b_a17b,qwen/Qwen3.5-397B-A17B,Q2,argument_a,10,25.0,8.333333,25.0 (8.3)
Larger models,together_qwen3_5_397b_a17b,qwen/Qwen3.5-397B-A17B,Q2,argument_b,10,95.0,0.0,95.0 (0.0)
Larger models,together_qwen3_5_397b_a17b,qwen/Qwen3.5-397B-A17B,Q3,prior,10,95.0,0.0,95.0 (0.0)
Larger models,together_qwen3_5_397b_a17b,qwen/Qwen3.5-397B-A17B,Q3,baseline,10,98.0,0.816497,98.0 (0.8)
Larger models,together_qwen3_5_397b_a17b,qwen/Qwen3.5-397B-A17B,Q3,argument_a,10,97.5,0.833333,97.5 (0.8)
Larger models,together_qwen3_5_397b_a17b,qwen/Qwen3.5-397B-A17B,Q3,argument_b,10,90.5,4.5,90.5 (4.5)
Larger models,together_qwen3_5_397b_a17b,qwen/Qwen3.5-397B-A17B,Q4,prior,10,40.0,12.041595,40.0 (12.0)
Larger models,together_qwen3_5_397b_a17b,qwen/Qwen3.5-397B-A17B,Q4,baseline,10,27.0,7.717225,27.0 (7.7)
Larger models,together_qwen3_5_397b_a17b,qwen/Qwen3.5-397B-A17B,Q4,argument_a,10,76.0,12.666667,76.0 (12.7)
Larger models,together_qwen3_5_397b_a17b,qwen/Qwen3.5-397B-A17B,Q4,argument_b,10,67.0,14.263395,67.0 (14.3)
Larger models,together_qwen3_5_397b_a17b,qwen/Qwen3.5-397B-A17B,Q5,prior,10,39.5,4.621808,39.5 (4.6)
Larger models,together_qwen3_5_397b_a17b,qwen/Qwen3.5-397B-A17B,Q5,baseline,10,44.0,8.089774,44.0 (8.1)
Larger models,together_qwen3_5_397b_a17b,qwen/Qwen3.5-397B-A17B,Q5,argument_a,10,10.5,3.685557,10.5 (3.7)
Larger models,together_qwen3_5_397b_a17b,qwen/Qwen3.5-397B-A17B,Q5,argument_b,10,91.0,1.632993,91.0 (1.6)
Larger models,together_gpt_oss_120b,openai/gpt-oss-120b,Q1,prior,10,1.0,0.666667,1.0 (0.7)
Larger models,together_gpt_oss_120b,openai/gpt-oss-120b,Q1,baseline,10,0.0,0.0,0.0 (0.0)
Larger models,together_gpt_oss_120b,openai/gpt-oss-120b,Q1,argument_a,10,0.7,0.517472,0.7 (0.5)
Larger models,together_gpt_oss_120b,openai/gpt-oss-120b,Q1,argument_b,10,1.0,0.666667,1.0 (0.7)
Larger models,together_gpt_oss_120b,openai/gpt-oss-120b,Q2,prior,10,69.1,1.538036,69.1 (1.5)
Larger models,together_gpt_oss_120b,openai/gpt-oss-120b,Q2,baseline,10,50.4,1.726911,50.4 (1.7)
Larger models,together_gpt_oss_120b,openai/gpt-oss-120b,Q2,argument_a,10,50.4,3.180496,50.4 (3.2)
Larger models,together_gpt_oss_120b,openai/gpt-oss-120b,Q2,argument_b,10,47.8,3.424747,47.8 (3.4)
Larger models,together_gpt_oss_120b,openai/gpt-oss-120b,Q3,prior,10,88.7,0.830662,88.7 (0.8)
Larger models,together_gpt_oss_120b,openai/gpt-oss-120b,Q3,baseline,10,87.3,0.978093,87.3 (1.0)
Larger models,together_gpt_oss_120b,openai/gpt-oss-120b,Q3,argument_a,10,84.8,1.171893,84.8 (1.2)
Larger models,together_gpt_oss_120b,openai/gpt-oss-120b,Q3,argument_b,10,83.6,1.407914,83.6 (1.4)
Larger models,together_gpt_oss_120b,openai/gpt-oss-120b,Q4,prior,10,18.0,2.260777,18.0 (2.3)
Larger models,together_gpt_oss_120b,openai/gpt-oss-120b,Q4,baseline,10,32.5,3.095696,32.5 (3.1)
Larger models,together_gpt_oss_120b,openai/gpt-oss-120b,Q4,argument_a,10,48.7,3.744774,48.7 (3.7)
Larger models,together_gpt_oss_120b,openai/gpt-oss-120b,Q4,argument_b,10,5.5,2.291288,5.5 (2.3)
Larger models,together_gpt_oss_120b,openai/gpt-oss-120b,Q5,prior,10,23.5,1.979057,23.5 (2.0)
Larger models,together_gpt_oss_120b,openai/gpt-oss-120b,Q5,baseline,10,16.0,2.560382,16.0 (2.6)
Larger models,together_gpt_oss_120b,openai/gpt-oss-120b,Q5,argument_a,10,23.5,2.793842,23.5 (2.8)
Larger models,together_gpt_oss_120b,openai/gpt-oss-120b,Q5,argument_b,10,28.5,4.017324,28.5 (4.0)
Larger models,together_gemma_4_31b_it,google/gemma-4-31B-it,Q1,prior,10,0.0,0.0,0.0 (0.0)
Larger models,together_gemma_4_31b_it,google/gemma-4-31B-it,Q1,baseline,10,0.0,0.0,0.0 (0.0)
Larger models,together_gemma_4_31b_it,google/gemma-4-31B-it,Q1,argument_a,10,0.0,0.0,0.0 (0.0)
Larger models,together_gemma_4_31b_it,google/gemma-4-31B-it,Q1,argument_b,10,0.0,0.0,0.0 (0.0)
Larger models,together_gemma_4_31b_it,google/gemma-4-31B-it,Q2,prior,10,50.0,0.0,50.0 (0.0)
Larger models,together_gemma_4_31b_it,google/gemma-4-31B-it,Q2,baseline,10,50.0,0.0,50.0 (0.0)
Larger models,together_gemma_4_31b_it,google/gemma-4-31B-it,Q2,argument_a,10,50.0,0.0,50.0 (0.0)
Larger models,together_gemma_4_31b_it,google/gemma-4-31B-it,Q2,argument_b,10,50.0,0.0,50.0 (0.0)
Larger models,together_gemma_4_31b_it,google/gemma-4-31B-it,Q3,prior,10,50.0,0.0,50.0 (0.0)
Larger models,together_gemma_4_31b_it,google/gemma-4-31B-it,Q3,baseline,10,50.0,0.0,50.0 (0.0)
Larger models,together_gemma_4_31b_it,google/gemma-4-31B-it,Q3,argument_a,10,50.0,0.0,50.0 (0.0)
Larger models,together_gemma_4_31b_it,google/gemma-4-31B-it,Q3,argument_b,10,50.0,0.0,50.0 (0.0)
Larger models,together_gemma_4_31b_it,google/gemma-4-31B-it,Q4,prior,10,50.0,0.0,50.0 (0.0)
Larger models,together_gemma_4_31b_it,google/gemma-4-31B-it,Q4,baseline,10,50.0,0.0,50.0 (0.0)
Larger models,together_gemma_4_31b_it,google/gemma-4-31B-it,Q4,argument_a,10,50.0,0.0,50.0 (0.0)
Larger models,together_gemma_4_31b_it,google/gemma-4-31B-it,Q4,argument_b,10,0.0,0.0,0.0 (0.0)
Larger models,together_gemma_4_31b_it,google/gemma-4-31B-it,Q5,prior,10,50.0,0.0,50.0 (0.0)
Larger models,together_gemma_4_31b_it,google/gemma-4-31B-it,Q5,baseline,10,50.0,0.0,50.0 (0.0)
Larger models,together_gemma_4_31b_it,google/gemma-4-31B-it,Q5,argument_a,10,50.0,0.0,50.0 (0.0)
Larger models,together_gemma_4_31b_it,google/gemma-4-31B-it,Q5,argument_b,10,50.0,0.0,50.0 (0.0)
Larger models,together_gpt_oss_20b,openai/gpt-oss-20b,Q1,prior,10,0.0,0.0,0.0 (0.0)
Larger models,together_gpt_oss_20b,openai/gpt-oss-20b,Q1,baseline,10,1.0,1.0,1.0 (1.0)
Larger models,together_gpt_oss_20b,openai/gpt-oss-20b,Q1,argument_a,10,0.5,0.5,0.5 (0.5)
Larger models,together_gpt_oss_20b,openai/gpt-oss-20b,Q1,argument_b,10,0.7,0.517472,0.7 (0.5)
Larger models,together_gpt_oss_20b,openai/gpt-oss-20b,Q2,prior,10,53.7,3.058867,53.7 (3.1)
Larger models,together_gpt_oss_20b,openai/gpt-oss-20b,Q2,baseline,10,48.5,4.085884,48.5 (4.1)
Larger models,together_gpt_oss_20b,openai/gpt-oss-20b,Q2,argument_a,10,50.5,0.5,50.5 (0.5)
Larger models,together_gpt_oss_20b,openai/gpt-oss-20b,Q2,argument_b,10,53.8,5.395059,53.8 (5.4)
Larger models,together_gpt_oss_20b,openai/gpt-oss-20b,Q3,prior,10,76.0,4.136558,76.0 (4.1)
Larger models,together_gpt_oss_20b,openai/gpt-oss-20b,Q3,baseline,10,60.5,7.433034,60.5 (7.4)
Larger models,together_gpt_oss_20b,openai/gpt-oss-20b,Q3,argument_a,10,77.5,2.713137,77.5 (2.7)
Larger models,together_gpt_oss_20b,openai/gpt-oss-20b,Q3,argument_b,10,62.2,6.069596,62.2 (6.1)
Larger models,together_gpt_oss_20b,openai/gpt-oss-20b,Q4,prior,10,39.0,8.020806,39.0 (8.0)
Larger models,together_gpt_oss_20b,openai/gpt-oss-20b,Q4,baseline,10,41.3,9.393911,41.3 (9.4)
Larger models,together_gpt_oss_20b,openai/gpt-oss-20b,Q4,argument_a,10,71.8,3.369141,71.8 (3.4)
Larger models,together_gpt_oss_20b,openai/gpt-oss-20b,Q4,argument_b,10,41.5,11.131786,41.5 (11.1)
Larger models,together_gpt_oss_20b,openai/gpt-oss-20b,Q5,prior,10,19.5,4.245913,19.5 (4.2)
Larger models,together_gpt_oss_20b,openai/gpt-oss-20b,Q5,baseline,10,10.0,3.248931,10.0 (3.2)
Larger models,together_gpt_oss_20b,openai/gpt-oss-20b,Q5,argument_a,10,7.5,2.006932,7.5 (2.0)
Larger models,together_gpt_oss_20b,openai/gpt-oss-20b,Q5,argument_b,10,12.5,3.095696,12.5 (3.1)
Smaller models,ollama_llama31_8b_instruct_q8,meta-llama/llama3.1:8b-instruct-q8_0,Q1,prior,10,87.7,2.875374,87.7 (2.9)
Smaller models,ollama_llama31_8b_instruct_q8,meta-llama/llama3.1:8b-instruct-q8_0,Q1,baseline,10,9.7,3.800731,9.7 (3.8)
Smaller models,ollama_llama31_8b_instruct_q8,meta-llama/llama3.1:8b-instruct-q8_0,Q1,argument_a,10,31.8,11.229722,31.8 (11.2)
Smaller models,ollama_llama31_8b_instruct_q8,meta-llama/llama3.1:8b-instruct-q8_0,Q1,argument_b,10,43.4,12.776019,43.4 (12.8)
Smaller models,ollama_llama31_8b_instruct_q8,meta-llama/llama3.1:8b-instruct-q8_0,Q2,prior,10,74.2,4.30452,74.2 (4.3)
Smaller models,ollama_llama31_8b_instruct_q8,meta-llama/llama3.1:8b-instruct-q8_0,Q2,baseline,10,53.3,9.018561,53.3 (9.0)
Smaller models,ollama_llama31_8b_instruct_q8,meta-llama/llama3.1:8b-instruct-q8_0,Q2,argument_a,10,64.8,7.46369,64.8 (7.5)
Smaller models,ollama_llama31_8b_instruct_q8,meta-llama/llama3.1:8b-instruct-q8_0,Q2,argument_b,10,94.7,0.869866,94.7 (0.9)
Smaller models,ollama_llama31_8b_instruct_q8,meta-llama/llama3.1:8b-instruct-q8_0,Q3,prior,10,79.7,4.038839,79.7 (4.0)
Smaller models,ollama_llama31_8b_instruct_q8,meta-llama/llama3.1:8b-instruct-q8_0,Q3,baseline,10,52.6,11.185506,52.6 (11.2)
Smaller models,ollama_llama31_8b_instruct_q8,meta-llama/llama3.1:8b-instruct-q8_0,Q3,argument_a,10,96.7,1.220656,96.7 (1.2)
Smaller models,ollama_llama31_8b_instruct_q8,meta-llama/llama3.1:8b-instruct-q8_0,Q3,argument_b,10,82.3,10.324781,82.3 (10.3)
Smaller models,ollama_llama31_8b_instruct_q8,meta-llama/llama3.1:8b-instruct-q8_0,Q4,prior,10,38.2,7.432362,38.2 (7.4)
Smaller models,ollama_llama31_8b_instruct_q8,meta-llama/llama3.1:8b-instruct-q8_0,Q4,baseline,10,78.0,6.239658,78.0 (6.2)
Smaller models,ollama_llama31_8b_instruct_q8,meta-llama/llama3.1:8b-instruct-q8_0,Q4,argument_a,10,91.4,2.761642,91.4 (2.8)
Smaller models,ollama_llama31_8b_instruct_q8,meta-llama/llama3.1:8b-instruct-q8_0,Q4,argument_b,10,64.9,13.325373,64.9 (13.3)
Smaller models,ollama_llama31_8b_instruct_q8,meta-llama/llama3.1:8b-instruct-q8_0,Q5,prior,10,30.2,6.577402,30.2 (6.6)
Smaller models,ollama_llama31_8b_instruct_q8,meta-llama/llama3.1:8b-instruct-q8_0,Q5,baseline,10,24.4,5.850356,24.4 (5.9)
Smaller models,ollama_llama31_8b_instruct_q8,meta-llama/llama3.1:8b-instruct-q8_0,Q5,argument_a,10,65.5,9.731107,65.5 (9.7)
Smaller models,ollama_llama31_8b_instruct_q8,meta-llama/llama3.1:8b-instruct-q8_0,Q5,argument_b,10,95.5,1.301708,95.5 (1.3)
Smaller models,ollama_llama31_8b_text_q8,meta-llama/llama3.1:8b-text-q8_0,Q1,prior,10,80.7,6.394529,80.7 (6.4)
Smaller models,ollama_llama31_8b_text_q8,meta-llama/llama3.1:8b-text-q8_0,Q1,baseline,10,37.5,12.915323,37.5 (12.9)
Smaller models,ollama_llama31_8b_text_q8,meta-llama/llama3.1:8b-text-q8_0,Q1,argument_a,10,50.2,13.727345,50.2 (13.7)
Smaller models,ollama_llama31_8b_text_q8,meta-llama/llama3.1:8b-text-q8_0,Q1,argument_b,10,44.2,12.9947,44.2 (13.0)
Smaller models,ollama_llama31_8b_text_q8,meta-llama/llama3.1:8b-text-q8_0,Q2,prior,10,39.0,9.0,39.0 (9.0)
Smaller models,ollama_llama31_8b_text_q8,meta-llama/llama3.1:8b-text-q8_0,Q2,baseline,10,19.9,10.209418,19.9 (10.2)
Smaller models,ollama_llama31_8b_text_q8,meta-llama/llama3.1:8b-text-q8_0,Q2,argument_a,10,28.0,7.272475,28.0 (7.3)
Smaller models,ollama_llama31_8b_text_q8,meta-llama/llama3.1:8b-text-q8_0,Q2,argument_b,10,61.0,9.243616,61.0 (9.2)
Smaller models,ollama_llama31_8b_text_q8,meta-llama/llama3.1:8b-text-q8_0,Q3,prior,10,81.5,7.602996,81.5 (7.6)
Smaller models,ollama_llama31_8b_text_q8,meta-llama/llama3.1:8b-text-q8_0,Q3,baseline,10,79.8,9.55894,79.8 (9.6)
Smaller models,ollama_llama31_8b_text_q8,meta-llama/llama3.1:8b-text-q8_0,Q3,argument_a,10,49.0,12.151817,49.0 (12.2)
Smaller models,ollama_llama31_8b_text_q8,meta-llama/llama3.1:8b-text-q8_0,Q3,argument_b,10,97.8,1.982142,97.8 (2.0)
Smaller models,ollama_llama31_8b_text_q8,meta-llama/llama3.1:8b-text-q8_0,Q4,prior,10,33.5,14.02478,33.5 (14.0)
Smaller models,ollama_llama31_8b_text_q8,meta-llama/llama3.1:8b-text-q8_0,Q4,baseline,10,68.0,13.330833,68.0 (13.3)
Smaller models,ollama_llama31_8b_text_q8,meta-llama/llama3.1:8b-text-q8_0,Q4,argument_a,10,93.0,5.174725,93.0 (5.2)
Smaller models,ollama_llama31_8b_text_q8,meta-llama/llama3.1:8b-text-q8_0,Q4,argument_b,10,74.4,12.941063,74.4 (12.9)
Smaller models,ollama_llama31_8b_text_q8,meta-llama/llama3.1:8b-text-q8_0,Q5,prior,10,77.5,6.9622,77.5 (7.0)
Smaller models,ollama_llama31_8b_text_q8,meta-llama/llama3.1:8b-text-q8_0,Q5,baseline,10,65.0,10.381608,65.0 (10.4)
Smaller models,ollama_llama31_8b_text_q8,meta-llama/llama3.1:8b-text-q8_0,Q5,argument_a,10,43.4,13.699311,43.4 (13.7)
Smaller models,ollama_llama31_8b_text_q8,meta-llama/llama3.1:8b-text-q8_0,Q5,argument_b,10,50.0,13.904436,50.0 (13.9)
Smaller models,ollama_qwen3_8b,qwen/qwen3:8b,Q1,prior,10,0.0,0.0,0.0 (0.0)
Smaller models,ollama_qwen3_8b,qwen/qwen3:8b,Q1,baseline,10,0.0,0.0,0.0 (0.0)
Smaller models,ollama_qwen3_8b,qwen/qwen3:8b,Q1,argument_a,10,0.0,0.0,0.0 (0.0)
Smaller models,ollama_qwen3_8b,qwen/qwen3:8b,Q1,argument_b,10,10.0,10.0,10.0 (10.0)
Smaller models,ollama_qwen3_8b,qwen/qwen3:8b,Q2,prior,10,51.0,1.0,51.0 (1.0)
Smaller models,ollama_qwen3_8b,qwen/qwen3:8b,Q2,baseline,10,50.0,0.0,50.0 (0.0)
Smaller models,ollama_qwen3_8b,qwen/qwen3:8b,Q2,argument_a,10,25.0,5.627314,25.0 (5.6)
Smaller models,ollama_qwen3_8b,qwen/qwen3:8b,Q2,argument_b,10,98.5,1.5,98.5 (1.5)
Smaller models,ollama_qwen3_8b,qwen/qwen3:8b,Q3,prior,10,84.5,3.370625,84.5 (3.4)
Smaller models,ollama_qwen3_8b,qwen/qwen3:8b,Q3,baseline,10,50.0,0.0,50.0 (0.0)
Smaller models,ollama_qwen3_8b,qwen/qwen3:8b,Q3,argument_a,10,72.0,7.859884,72.0 (7.9)
Smaller models,ollama_qwen3_8b,qwen/qwen3:8b,Q3,argument_b,10,50.5,15.678187,50.5 (15.7)
Smaller models,ollama_qwen3_8b,qwen/qwen3:8b,Q4,prior,10,47.0,5.587685,47.0 (5.6)
Smaller models,ollama_qwen3_8b,qwen/qwen3:8b,Q4,baseline,10,50.0,0.0,50.0 (0.0)
Smaller models,ollama_qwen3_8b,qwen/qwen3:8b,Q4,argument_a,10,96.0,2.768875,96.0 (2.8)
Smaller models,ollama_qwen3_8b,qwen/qwen3:8b,Q4,argument_b,10,30.0,15.275252,30.0 (15.3)
Smaller models,ollama_qwen3_8b,qwen/qwen3:8b,Q5,prior,10,8.0,4.163332,8.0 (4.2)
Smaller models,ollama_qwen3_8b,qwen/qwen3:8b,Q5,baseline,10,2.0,2.0,2.0 (2.0)
Smaller models,ollama_qwen3_8b,qwen/qwen3:8b,Q5,argument_a,10,4.5,3.02306,4.5 (3.0)
Smaller models,ollama_qwen3_8b,qwen/qwen3:8b,Q5,argument_b,10,42.0,15.902481,42.0 (15.9)
Smaller models,ollama_josiefied_qwen3_8b,goekdenizguelmez/JOSIEFIED-Qwen3:8b,Q1,prior,10,50.0,11.130539,50.0 (11.1)
Smaller models,ollama_josiefied_qwen3_8b,goekdenizguelmez/JOSIEFIED-Qwen3:8b,Q1,baseline,10,13.0,5.783117,13.0 (5.8)
Smaller models,ollama_josiefied_qwen3_8b,goekdenizguelmez/JOSIEFIED-Qwen3:8b,Q1,argument_a,10,29.0,9.480975,29.0 (9.5)
Smaller models,ollama_josiefied_qwen3_8b,goekdenizguelmez/JOSIEFIED-Qwen3:8b,Q1,argument_b,10,66.0,9.882645,66.0 (9.9)
Smaller models,ollama_josiefied_qwen3_8b,goekdenizguelmez/JOSIEFIED-Qwen3:8b,Q2,prior,10,73.0,1.527525,73.0 (1.5)
Smaller models,ollama_josiefied_qwen3_8b,goekdenizguelmez/JOSIEFIED-Qwen3:8b,Q2,baseline,10,62.5,3.435921,62.5 (3.4)
Smaller models,ollama_josiefied_qwen3_8b,goekdenizguelmez/JOSIEFIED-Qwen3:8b,Q2,argument_a,10,55.0,2.236068,55.0 (2.2)
Smaller models,ollama_josiefied_qwen3_8b,goekdenizguelmez/JOSIEFIED-Qwen3:8b,Q2,argument_b,10,93.0,2.260777,93.0 (2.3)
Smaller models,ollama_josiefied_qwen3_8b,goekdenizguelmez/JOSIEFIED-Qwen3:8b,Q3,prior,10,90.5,3.02306,90.5 (3.0)
Smaller models,ollama_josiefied_qwen3_8b,goekdenizguelmez/JOSIEFIED-Qwen3:8b,Q3,baseline,10,71.0,2.867442,71.0 (2.9)
Smaller models,ollama_josiefied_qwen3_8b,goekdenizguelmez/JOSIEFIED-Qwen3:8b,Q3,argument_a,10,81.0,2.211083,81.0 (2.2)
Smaller models,ollama_josiefied_qwen3_8b,goekdenizguelmez/JOSIEFIED-Qwen3:8b,Q3,argument_b,10,62.0,10.005554,62.0 (10.0)
Smaller models,ollama_josiefied_qwen3_8b,goekdenizguelmez/JOSIEFIED-Qwen3:8b,Q4,prior,10,53.0,6.674995,53.0 (6.7)
Smaller models,ollama_josiefied_qwen3_8b,goekdenizguelmez/JOSIEFIED-Qwen3:8b,Q4,baseline,10,59.0,6.046119,59.0 (6.0)
Smaller models,ollama_josiefied_qwen3_8b,goekdenizguelmez/JOSIEFIED-Qwen3:8b,Q4,argument_a,10,85.5,3.97562,85.5 (4.0)
Smaller models,ollama_josiefied_qwen3_8b,goekdenizguelmez/JOSIEFIED-Qwen3:8b,Q4,argument_b,10,0.0,0.0,0.0 (0.0)
Smaller models,ollama_josiefied_qwen3_8b,goekdenizguelmez/JOSIEFIED-Qwen3:8b,Q5,prior,10,37.0,4.955356,37.0 (5.0)
Smaller models,ollama_josiefied_qwen3_8b,goekdenizguelmez/JOSIEFIED-Qwen3:8b,Q5,baseline,10,31.5,4.475241,31.5 (4.5)
Smaller models,ollama_josiefied_qwen3_8b,goekdenizguelmez/JOSIEFIED-Qwen3:8b,Q5,argument_a,10,24.0,3.785939,24.0 (3.8)
Smaller models,ollama_josiefied_qwen3_8b,goekdenizguelmez/JOSIEFIED-Qwen3:8b,Q5,argument_b,10,48.5,8.883505,48.5 (8.9)
Smaller models,ollama_aya_8b,cohere/aya:8b,Q1,prior,10,58.8,6.506066,58.8 (6.5)
Smaller models,ollama_aya_8b,cohere/aya:8b,Q1,baseline,10,2.0,2.0,2.0 (2.0)
Smaller models,ollama_aya_8b,cohere/aya:8b,Q1,argument_a,10,43.5,7.304869,43.5 (7.3)
Smaller models,ollama_aya_8b,cohere/aya:8b,Q1,argument_b,10,26.5,13.602492,26.5 (13.6)
Smaller models,ollama_aya_8b,cohere/aya:8b,Q2,prior,10,9.5,3.905125,9.5 (3.9)
Smaller models,ollama_aya_8b,cohere/aya:8b,Q2,baseline,10,19.5,3.531603,19.5 (3.5)
Smaller models,ollama_aya_8b,cohere/aya:8b,Q2,argument_a,10,17.4,3.983856,17.4 (4.0)
Smaller models,ollama_aya_8b,cohere/aya:8b,Q2,argument_b,10,2.5,2.5,2.5 (2.5)
Smaller models,ollama_aya_8b,cohere/aya:8b,Q3,prior,10,60.3,8.974099,60.3 (9.0)
Smaller models,ollama_aya_8b,cohere/aya:8b,Q3,baseline,10,41.0,8.749603,41.0 (8.7)
Smaller models,ollama_aya_8b,cohere/aya:8b,Q3,argument_a,10,71.0,5.09902,71.0 (5.1)
Smaller models,ollama_aya_8b,cohere/aya:8b,Q3,argument_b,10,16.0,9.683893,16.0 (9.7)
Smaller models,ollama_aya_8b,cohere/aya:8b,Q4,prior,10,20.9,3.354764,20.9 (3.4)
Smaller models,ollama_aya_8b,cohere/aya:8b,Q4,baseline,10,37.0,7.423686,37.0 (7.4)
Smaller models,ollama_aya_8b,cohere/aya:8b,Q4,argument_a,10,55.5,9.673848,55.5 (9.7)
Smaller models,ollama_aya_8b,cohere/aya:8b,Q4,argument_b,10,10.0,6.666667,10.0 (6.7)
Smaller models,ollama_aya_8b,cohere/aya:8b,Q5,prior,10,20.0,10.40833,20.0 (10.4)
Smaller models,ollama_aya_8b,cohere/aya:8b,Q5,baseline,10,16.5,8.301606,16.5 (8.3)
Smaller models,ollama_aya_8b,cohere/aya:8b,Q5,argument_a,10,7.0,5.174725,7.0 (5.2)
Smaller models,ollama_aya_8b,cohere/aya:8b,Q5,argument_b,10,2.0,2.0,2.0 (2.0)
Smaller models,ollama_mistral_7b_instruct,mistral/mistral:7b-instruct,Q1,prior,10,100.0,0.0,100.0 (0.0)
Smaller models,ollama_mistral_7b_instruct,mistral/mistral:7b-instruct,Q1,baseline,10,35.0,7.637626,35.0 (7.6)
Smaller models,ollama_mistral_7b_instruct,mistral/mistral:7b-instruct,Q1,argument_a,10,100.0,0.0,100.0 (0.0)
Smaller models,ollama_mistral_7b_instruct,mistral/mistral:7b-instruct,Q1,argument_b,10,95.0,5.0,95.0 (5.0)
Smaller models,ollama_mistral_7b_instruct,mistral/mistral:7b-instruct,Q2,prior,10,50.0,0.0,50.0 (0.0)
Smaller models,ollama_mistral_7b_instruct,mistral/mistral:7b-instruct,Q2,baseline,10,50.0,0.0,50.0 (0.0)
Smaller models,ollama_mistral_7b_instruct,mistral/mistral:7b-instruct,Q2,argument_a,10,10.0,6.666667,10.0 (6.7)
Smaller models,ollama_mistral_7b_instruct,mistral/mistral:7b-instruct,Q2,argument_b,10,0.0,0.0,0.0 (0.0)
Smaller models,ollama_mistral_7b_instruct,mistral/mistral:7b-instruct,Q3,prior,10,100.0,0.0,100.0 (0.0)
Smaller models,ollama_mistral_7b_instruct,mistral/mistral:7b-instruct,Q3,baseline,10,95.0,5.0,95.0 (5.0)
Smaller models,ollama_mistral_7b_instruct,mistral/mistral:7b-instruct,Q3,argument_a,10,100.0,0.0,100.0 (0.0)
Smaller models,ollama_mistral_7b_instruct,mistral/mistral:7b-instruct,Q3,argument_b,10,100.0,0.0,100.0 (0.0)
Smaller models,ollama_mistral_7b_instruct,mistral/mistral:7b-instruct,Q4,prior,10,92.5,5.335937,92.5 (5.3)
Smaller models,ollama_mistral_7b_instruct,mistral/mistral:7b-instruct,Q4,baseline,10,100.0,0.0,100.0 (0.0)
Smaller models,ollama_mistral_7b_instruct,mistral/mistral:7b-instruct,Q4,argument_a,10,100.0,0.0,100.0 (0.0)
Smaller models,ollama_mistral_7b_instruct,mistral/mistral:7b-instruct,Q4,argument_b,10,0.0,0.0,0.0 (0.0)
Smaller models,ollama_mistral_7b_instruct,mistral/mistral:7b-instruct,Q5,prior,10,0.0,0.0,0.0 (0.0)
Smaller models,ollama_mistral_7b_instruct,mistral/mistral:7b-instruct,Q5,baseline,10,0.0,0.0,0.0 (0.0)
Smaller models,ollama_mistral_7b_instruct,mistral/mistral:7b-instruct,Q5,argument_a,10,0.0,0.0,0.0 (0.0)
Smaller models,ollama_mistral_7b_instruct,mistral/mistral:7b-instruct,Q5,argument_b,10,0.0,0.0,0.0 (0.0)
Smaller models,ollama_mistral_7b,mistral/mistral:7b,Q1,prior,10,100.0,0.0,100.0 (0.0)
Smaller models,ollama_mistral_7b,mistral/mistral:7b,Q1,baseline,10,0.0,0.0,0.0 (0.0)
Smaller models,ollama_mistral_7b,mistral/mistral:7b,Q1,argument_a,10,0.0,0.0,0.0 (0.0)
Smaller models,ollama_mistral_7b,mistral/mistral:7b,Q1,argument_b,10,0.0,0.0,0.0 (0.0)
Smaller models,ollama_mistral_7b,mistral/mistral:7b,Q2,prior,10,52.5,2.5,52.5 (2.5)
Smaller models,ollama_mistral_7b,mistral/mistral:7b,Q2,baseline,10,10.0,6.666667,10.0 (6.7)
Smaller models,ollama_mistral_7b,mistral/mistral:7b,Q2,argument_a,10,0.0,0.0,0.0 (0.0)
Smaller models,ollama_mistral_7b,mistral/mistral:7b,Q2,argument_b,10,0.0,0.0,0.0 (0.0)
Smaller models,ollama_mistral_7b,mistral/mistral:7b,Q3,prior,10,100.0,0.0,100.0 (0.0)
Smaller models,ollama_mistral_7b,mistral/mistral:7b,Q3,baseline,10,50.0,16.666667,50.0 (16.7)
Smaller models,ollama_mistral_7b,mistral/mistral:7b,Q3,argument_a,10,100.0,0.0,100.0 (0.0)
Smaller models,ollama_mistral_7b,mistral/mistral:7b,Q3,argument_b,10,50.0,16.666667,50.0 (16.7)
Smaller models,ollama_mistral_7b,mistral/mistral:7b,Q4,prior,10,61.5,8.434387,61.5 (8.4)
Smaller models,ollama_mistral_7b,mistral/mistral:7b,Q4,baseline,10,100.0,0.0,100.0 (0.0)
Smaller models,ollama_mistral_7b,mistral/mistral:7b,Q4,argument_a,10,100.0,0.0,100.0 (0.0)
Smaller models,ollama_mistral_7b,mistral/mistral:7b,Q4,argument_b,10,10.0,10.0,10.0 (10.0)
Smaller models,ollama_mistral_7b,mistral/mistral:7b,Q5,prior,10,0.0,0.0,0.0 (0.0)
Smaller models,ollama_mistral_7b,mistral/mistral:7b,Q5,baseline,10,0.0,0.0,0.0 (0.0)
Smaller models,ollama_mistral_7b,mistral/mistral:7b,Q5,argument_a,10,0.0,0.0,0.0 (0.0)
Smaller models,ollama_mistral_7b,mistral/mistral:7b,Q5,argument_b,10,0.0,0.0,0.0 (0.0)
Smaller models,ollama_qwen3_4b,qwen/qwen3:4b,Q1,prior,10,14.5,10.23203,14.5 (10.2)
Smaller models,ollama_qwen3_4b,qwen/qwen3:4b,Q1,baseline,10,0.0,0.0,0.0 (0.0)
Smaller models,ollama_qwen3_4b,qwen/qwen3:4b,Q1,argument_a,10,9.9,9.9,9.9 (9.9)
Smaller models,ollama_qwen3_4b,qwen/qwen3:4b,Q1,argument_b,10,0.0,0.0,0.0 (0.0)
Smaller models,ollama_qwen3_4b,qwen/qwen3:4b,Q2,prior,10,47.0,5.587685,47.0 (5.6)
Smaller models,ollama_qwen3_4b,qwen/qwen3:4b,Q2,baseline,10,20.0,8.164966,20.0 (8.2)
Smaller models,ollama_qwen3_4b,qwen/qwen3:4b,Q2,argument_a,10,23.5,9.488297,23.5 (9.5)
Smaller models,ollama_qwen3_4b,qwen/qwen3:4b,Q2,argument_b,10,65.0,12.649111,65.0 (12.6)
Smaller models,ollama_qwen3_4b,qwen/qwen3:4b,Q3,prior,10,75.5,5.079917,75.5 (5.1)
Smaller models,ollama_qwen3_4b,qwen/qwen3:4b,Q3,baseline,10,45.0,5.0,45.0 (5.0)
Smaller models,ollama_qwen3_4b,qwen/qwen3:4b,Q3,argument_a,10,49.0,11.827463,49.0 (11.8)
Smaller models,ollama_qwen3_4b,qwen/qwen3:4b,Q3,argument_b,10,57.0,11.47945,57.0 (11.5)
Smaller models,ollama_qwen3_4b,qwen/qwen3:4b,Q4,prior,10,54.5,3.02306,54.5 (3.0)
Smaller models,ollama_qwen3_4b,qwen/qwen3:4b,Q4,baseline,10,52.5,2.5,52.5 (2.5)
Smaller models,ollama_qwen3_4b,qwen/qwen3:4b,Q4,argument_a,10,85.5,6.474308,85.5 (6.5)
Smaller models,ollama_qwen3_4b,qwen/qwen3:4b,Q4,argument_b,10,50.0,16.666667,50.0 (16.7)
Smaller models,ollama_qwen3_4b,qwen/qwen3:4b,Q5,prior,10,5.0,5.0,5.0 (5.0)
Smaller models,ollama_qwen3_4b,qwen/qwen3:4b,Q5,baseline,10,0.0,0.0,0.0 (0.0)
Smaller models,ollama_qwen3_4b,qwen/qwen3:4b,Q5,argument_a,10,29.0,14.772347,29.0 (14.8)
Smaller models,ollama_qwen3_4b,qwen/qwen3:4b,Q5,argument_b,10,2.0,2.0,2.0 (2.0)
Smaller models,ollama_phi_2_7b,microsoft/phi:2.7b,Q1,prior,10,66.8,8.081254,66.8 (8.1)
Smaller models,ollama_phi_2_7b,microsoft/phi:2.7b,Q1,baseline,10,59.1,7.769527,59.1 (7.8)
Smaller models,ollama_phi_2_7b,microsoft/phi:2.7b,Q1,argument_a,10,57.0,10.728985,57.0 (10.7)
Smaller models,ollama_phi_2_7b,microsoft/phi:2.7b,Q1,argument_b,10,56.0,10.587204,56.0 (10.6)
Smaller models,ollama_phi_2_7b,microsoft/phi:2.7b,Q2,prior,10,65.3,8.332067,65.3 (8.3)
Smaller models,ollama_phi_2_7b,microsoft/phi:2.7b,Q2,baseline,10,67.0,6.064468,67.0 (6.1)
Smaller models,ollama_phi_2_7b,microsoft/phi:2.7b,Q2,argument_a,10,60.5,3.760171,60.5 (3.8)
Smaller models,ollama_phi_2_7b,microsoft/phi:2.7b,Q2,argument_b,10,61.0,11.396881,61.0 (11.4)
Smaller models,ollama_phi_2_7b,microsoft/phi:2.7b,Q3,prior,10,64.5,6.394876,64.5 (6.4)
Smaller models,ollama_phi_2_7b,microsoft/phi:2.7b,Q3,baseline,10,61.9,4.177852,61.9 (4.2)
Smaller models,ollama_phi_2_7b,microsoft/phi:2.7b,Q3,argument_a,10,67.5,6.247222,67.5 (6.2)
Smaller models,ollama_phi_2_7b,microsoft/phi:2.7b,Q3,argument_b,10,57.6,10.540082,57.6 (10.5)
Smaller models,ollama_phi_2_7b,microsoft/phi:2.7b,Q4,prior,10,74.7,6.142837,74.7 (6.1)
Smaller models,ollama_phi_2_7b,microsoft/phi:2.7b,Q4,baseline,10,74.9,4.023404,74.9 (4.0)
Smaller models,ollama_phi_2_7b,microsoft/phi:2.7b,Q4,argument_a,10,73.5,5.967039,73.5 (6.0)
Smaller models,ollama_phi_2_7b,microsoft/phi:2.7b,Q4,argument_b,10,81.9,7.546081,81.9 (7.5)
Smaller models,ollama_phi_2_7b,microsoft/phi:2.7b,Q5,prior,10,40.0,10.0,40.0 (10.0)
Smaller models,ollama_phi_2_7b,microsoft/phi:2.7b,Q5,baseline,10,85.0,5.163978,85.0 (5.2)
Smaller models,ollama_phi_2_7b,microsoft/phi:2.7b,Q5,argument_a,10,57.0,11.259564,57.0 (11.3)
Smaller models,ollama_phi_2_7b,microsoft/phi:2.7b,Q5,argument_b,10,21.0,11.396881,21.0 (11.4)
